18.48,9.22,11.279,210,190.2,194.9,200.2,205.1,52.34,31.876469,39.877926
18.5,9.18,11.372001,210,190.2,194.9,200.2,205.1,52.36,31.74944,39.865593
18.48,9.200000000000001,11.212001,209.9,190.2,194.8,200.2,205.1,52.32,31.220245,39.976574
18.46,9.16,11.158001,209.9,189.9,194.8,200.1,205.1,52.28,31.884537,39.877926
18.48,9.200000000000001,11.249001,210.2,190.2,194.9,200.1,205.1,52.32,32.113495,39.988903
18.48,9.16,11.286,210.1,190.2,194.9,200.1,205,52.36,31.647625,39.902588
18.48,9.200000000000001,11.271001,210,190.2,194.9,200.1,204.8,52.34,30.686188,39.976574
18.46,9.200000000000001,11.109,210,189.8,194.9,200,204.8,52.36,31.807137,39.988903
18.46,9.22,11.149,209.9,189.9,194.9,200,204.8,52.32,31.881542,39.988903
18.5,9.18,11.376,210.2,190.2,194.9,200,204.8,52.34,31.672096,40.025894
18.5,9.22,11.411,210.2,190.2,195.2,200,204.8,52.4,31.81057,39.988903
18.44,9.24,10.993001,210,190,195.2,200,204.8,52.300000000000004,31.850204,39.877926
18.46,9.26,11.178,209.9,190.2,195.2,199.8,204.8,52.38,31.66706,40.013565
18.46,9.24,11.203,209.9,190.2,195.2,199.9,204.8,52.36,31.817455,39.976574
18.48,9.22,11.221001,210.2,190,195.2,199.9,204.9,52.4,31.672344,40.038227
18.48,9.22,11.221001,210.2,189.9,195.2,199.9,204.9,52.4,30.471115,40.013565
18.48,9.14,11.213,210,189.9,195.2,199.9,204.9,52.34,31.900673,39.93958
18.48,9.200000000000001,11.264001,210,189.9,195.1,199.9,204.9,52.300000000000004,31.776257,39.877926
18.48,9.200000000000001,11.264001,209.9,189.9,195.1,199.9,204.9,52.300000000000004,30.318832,40.050556
18.5,9.18,11.129001,210.2,189.9,195,199.9,204.9,52.36,31.9697,39.988903
18.48,9.200000000000001,11.225,210,190.2,194.8,199.9,205.2,52.32,31.69508,39.976574
18.5,9.22,11.367001,210,190.2,194.8,199.9,205.2,52.34,30.80101,39.890255
18.46,9.22,11.093,210,190.2,194.8,199.9,205.2,52.300000000000004,31.795158,39.92725
18.46,9.24,11.196,209.9,189.9,194.9,200.2,205.2,52.300000000000004,31.94418,39.902588
18.48,9.22,11.262,210.2,189.9,194.8,200.2,205.2,52.28,31.780052,39.96424
18.48,9.18,11.324,210.1,189.9,194.9,200.2,205.2,52.32,30.470886,39.816273
18.5,9.18,11.303,210,189.9,194.9,200.2,205.2,52.32,31.843758,39.93958
18.46,9.22,11.141001,210,190.2,194.9,200.2,205.2,52.28,31.943378,39.8286
18.48,9.22,11.280001,210,190.2,194.9,200.2,205.2,52.32,31.964607,39.951912
18.46,9.24,11.1970005,210,190.2,195.2,200.2,205.2,52.36,30.271454,39.93958
18.5,9.22,11.292001,210,190.1,195.2,200.2,205.2,52.32,31.927757,39.865593
18.48,9.22,11.279,209.9,189.9,195.2,200.2,205.2,52.300000000000004,31.739979,39.902588
18.48,9.18,11.327001,209.9,190.2,195.2,200.2,205.1,52.34,31.14582,39.80394
18.46,9.200000000000001,11.102,210.2,190.2,195.2,200.1,205.1,52.32,31.829033,39.890255
18.48,9.22,11.245001,210.1,190.2,195.2,200.1,205,52.34,31.866283,39.951912
18.46,9.200000000000001,11.152,210,190.2,195.2,200.1,205,52.34,31.754799,39.853264
18.48,9.200000000000001,11.264001,209.9,190.2,195.2,200.1,205,52.32,31.934757,39.976574
18.46,9.200000000000001,11.129001,209.9,190.2,195.1,200,204.8,52.32,31.911945,39.96424
18.46,9.22,11.093,210.2,190,195.2,200,204.8,52.300000000000004,31.791935,40.013565
18.48,9.18,11.226001,210.1,189.9,195.1,200,204.8,52.32,31.409569,40.013565
18.46,9.200000000000001,11.216001,210,190.2,195.1,200,204.8,52.28,31.891212,40.025894
18.48,9.16,11.207001,210.2,190.2,195.1,199.9,204.8,52.300000000000004,31.938896,39.93958
18.46,9.200000000000001,11.043,210,190,195,199.8,204.8,52.26,31.71276,40.001232
18.44,9.18,11.051001,210,189.7,194.8,199.8,204.9,52.28,31.751785,39.976574
18.48,9.14,11.288,210,190.2,194.8,199.8,204.9,52.300000000000004,31.942348,39.96424
18.5,9.18,11.429001,210,190.2,194.8,199.8,204.9,52.32,31.915226,40.07522
18.48,9.16,11.377001,210,190.2,194.8,199.8,204.9,52.300000000000004,31.661205,40.08755
18.48,9.200000000000001,11.132001,210,190.2,194.8,199.8,204.9,52.300000000000004,31.25698,40.001232
18.46,9.200000000000001,11.155001,210,190.1,194.8,199.9,204.9,52.28,32.097168,39.96424
18.48,9.18,11.307,210,190.2,194.8,199.9,204.9,52.300000000000004,31.943207,40.001232
18.48,9.200000000000001,11.326,210,190.2,194.9,199.9,205.2,52.4,31.653118,39.93958
18.48,9.200000000000001,11.305,210.1,190.1,194.9,199.9,205.2,52.36,30.476646,39.93958
18.48,9.18,11.195001,210,190.1,194.9,199.9,205.2,52.32,31.863098,39.96424
18.46,9.24,11.152,210,190.2,194.9,199.9,205.2,52.28,31.867523,39.890255
18.48,9.22,11.224001,210,190.1,194.9,199.9,205.2,52.300000000000004,31.726532,39.93958
18.5,9.22,11.27,210,190,195.2,200.2,205.2,52.4,31.92152,39.93958
18.46,9.26,11.189,210,189.8,195.2,200.2,205.2,52.28,31.94336,39.877926
18.48,9.200000000000001,11.290001,210,189.9,195.4,200.2,205.2,52.32,31.883812,39.877926
18.48,9.24,11.292001,210,189.9,195.7,200.2,205.2,52.38,31.627579,39.80394
18.5,9.16,11.235001,210,189.6,195.7,200.2,205.1,52.38,31.945534,39.93958
18.46,9.200000000000001,11.1970005,210,189.7,195.7,200.2,205.1,52.36,31.763401,39.92725
18.46,9.200000000000001,11.1970005,210,190.2,195.5,200.2,205.1,52.36,31.247787,39.951912
18.48,9.18,11.262,210,190.2,195.3,200.2,205.1,52.4,31.836796,39.865593
18.48,9.16,11.241,210,190.2,195.1,200.2,205.1,52.36,31.68188,39.890255
18.48,9.18,11.267,210,190,195,200.2,205.1,52.32,30.480347,39.951912
18.46,9.22,11.152,209.9,190.1,194.6,200.2,205,52.4,31.807613,39.96424
18.48,9.18,11.337001,210.2,190.2,194.6,200.1,204.8,52.300000000000004,31.732025,39.976574
18.48,9.14,11.299001,210,190.2,194.6,200.1,204.8,52.32,31.666756,39.902588
18.5,9.22,11.417001,210,190.2,194.6,200.1,204.8,52.4,31.991196,40.038227
18.48,9.16,11.194,210,190.2,194.7,200.1,204.8,52.300000000000004,31.919022,40.001232
18.44,9.18,11.0720005,210,190.2,194.7,200,204.8,52.34,31.71194,39.902588
18.5,9.18,11.365001,210,190.2,194.7,199.8,204.8,52.4,31.480846,40.025894
18.48,9.22,11.324,210,190.2,194.9,199.8,204.9,52.38,31.937695,40.050556
18.48,9.200000000000001,11.137,210,190.2,194.9,199.8,204.9,52.36,31.763401,39.93958
18.44,9.28,11.087001,210,189.9,194.9,199.8,204.9,52.34,30.670815,39.92725
18.48,9.22,11.302001,210,189.9,195.2,199.8,204.9,52.36,31.918812,39.902588
18.48,9.22,11.181001,210,189.9,195.2,199.9,204.9,52.34,27.585354,39.890255
18.46,9.200000000000001,11.195001,210.1,189.9,195.2,199.9,204.9,52.34,31.14788,39.951912
18.48,9.26,11.251,210,190.2,195.4,199.9,204.9,52.38,31.834354,39.951912
18.48,9.200000000000001,11.293,209.9,190.2,195.4,199.9,205.2,52.36,31.787777,39.976574
18.48,9.26,11.121,210.2,190.2,195.3,199.9,205.2,52.32,31.5934,39.890255
18.48,9.26,11.213,210.2,190.2,195.3,199.9,205.2,52.36,31.881428,39.877926
18.48,9.18,11.303,210,190.2,195.3,199.9,205.2,52.38,31.919117,39.865593
18.48,9.24,11.129001,210,190.1,195.3,200.2,205.2,52.4,31.818771,39.890255
18.46,9.22,11.193001,210,190.2,195.1,200.2,205.2,52.36,31.921139,39.865593
18.48,9.200000000000001,11.290001,210,190.2,195.1,200.2,205.2,52.36,31.97113,39.840935
18.5,9.200000000000001,11.4140005,209.9,190.2,195,200.2,205.2,52.4,31.865692,39.96424
18.48,9.18,11.174001,210.2,190.1,194.8,200.2,205.2,52.38,32.05864,39.902588
18.46,9.200000000000001,11.120001,210,189.9,194.8,200.2,205.2,52.32,31.94828,39.8286
18.48,9.22,11.250001,210,190.2,194.8,200.2,205.2,52.34,31.597958,39.840935
18.48,9.22,11.250001,209.9,190.2,194.6,200.2,205.1,52.34,30.483894,39.902588
18.54,9.200000000000001,11.318001,210.2,190.2,194.7,200.1,205.1,52.38,31.887321,40.013565
18.46,9.22,11.102,210,189.9,194.7,200.1,205.1,52.34,31.73502,39.890255
18.46,9.200000000000001,11.145,209.9,190.2,194.7,200,205.1,52.32,31.406021,39.93958
18.48,9.22,11.3,210.2,190.2,194.9,200,205,52.34,31.840553,39.988903
18.48,9.200000000000001,11.150001,210,190.2,194.9,199.8,204.8,52.36,32.077847,39.988903
18.48,9.200000000000001,11.3,210,190,194.9,199.8,204.8,52.4,31.76342,40.013565
18.48,9.22,11.2300005,210,190.2,195.2,199.8,204.8,52.34,31.9421,39.988903
18.48,9.24,11.343,209.9,190.2,195.2,199.8,204.8,52.32,31.929817,39.988903
18.48,9.200000000000001,11.249001,210.2,190,195.2,199.9,204.8,52.32,31.737766,39.951912
18.44,9.24,11.074,210.1,189.7,195.2,199.9,204.8,52.300000000000004,30.636139,39.890255
18.48,9.24,11.2630005,210,189.9,195.2,199.9,204.9,52.34,31.841488,40.025894
18.5,9.200000000000001,11.368001,210,189.9,195.2,199.9,204.9,52.36,31.792889,40.001232
18.48,9.18,11.22,209.9,189.8,195.2,199.9,204.9,52.36,31.762924,39.988903
18.46,9.24,11.115001,210.2,189.9,195.1,199.9,204.9,52.36,32.027817,39.914917
18.5,9.18,11.393001,210.1,190.2,195.1,200.2,204.9,52.38,31.934223,40.013565
18.5,9.18,11.409,210,190.2,195.1,200.2,204.9,52.4,31.711388,39.951912
18.52,9.200000000000001,11.325001,210,190,195.1,200.2,204.9,52.42,31.769772,40.001232
18.44,9.24,10.996,210,190.2,195,200.2,205,52.32,31.949749,39.93958
18.48,9.18,11.327001,210,190.2,195,200.2,205.2,52.36,31.766472,39.877926
18.52,9.18,11.445001,209.9,190.2,195,200.2,205.2,52.38,31.893253,39.951912
18.48,9.22,11.141001,210.2,190.1,195.1,200.2,205.2,52.38,31.917057,39.877926
18.46,9.22,11.133,210.1,190.2,195,200.2,205.2,52.34,31.870327,39.865593
18.48,9.200000000000001,11.257001,210,190.2,194.8,200.2,205.2,52.38,30.16428,39.902588
18.46,9.26,11.156,210,190.2,194.8,200.1,205.2,52.36,31.939125,39.865593
18.48,9.24,11.250001,210,190.1,194.9,200.1,205.2,52.38,31.64627,39.853264
18.48,9.200000000000001,11.235001,210,190.2,194.9,200.1,205.2,52.36,29.995308,39.902588
18.48,9.22,11.278001,210,190.1,194.9,200.1,205.2,52.36,31.918793,39.902588
18.48,9.200000000000001,11.1710005,209.9,190,194.9,200,205.1,52.36,31.637249,39.951912
18.44,9.3,11.056001,209.9,189.7,194.9,200,205.1,52.34,30.69004,39.79161
18.48,9.26,11.217001,210.2,189.7,194.9,200,205.1,52.32,31.830387,39.92725
18.5,9.200000000000001,11.317,210,189.7,195.2,199.8,205.1,52.36,31.729488,39.951912
18.46,9.22,11.125001,210.2,189.9,195.2,199.8,205,52.32,31.705093,39.902588
18.48,9.22,11.284,210.1,190.2,195.2,199.8,204.9,52.38,31.954632,39.865593
18.48,9.22,11.193001,210,190.1,195.2,199.8,204.8,52.34,31.928177,39.865593
18.52,9.22,11.453,209.9,190.2,195.2,199.9,204.8,52.4,31.772804,40.050556
18.46,9.22,11.176001,209.9,190.2,195.2,199.9,204.8,52.34,31.866035,39.988903
18.48,9.200000000000001,11.257001,210.2,190.2,195.1,199.9,204.8,52.36,25.024643,39.890255
18.46,9.22,11.064,210,190.2,195.1,199.9,204.9,52.32,31.681385,40.038227
18.46,9.24,11.221001,209.9,190.1,195,199.9,204.8,52.36,30.595016,40.001232
18.48,9.200000000000001,11.264001,210.2,190.1,195,199.9,204.9,52.36,31.846714,39.976574
18.52,9.18,11.456,210.1,190.1,195,199.9,204.9,52.4,31.757717,40.038227
18.52,9.18,11.456,210,190,194.8,199.9,204.9,52.4,30.656319,39.951912
18.46,9.24,11.1,209.9,189.7,194.6,199.9,204.9,52.36,31.849861,39.877926
18.46,9.22,11.17,210.2,189.7,194.6,199.9,204.9,52.34,31.68356,39.93958
18.48,9.200000000000001,11.362,210,189.7,194.7,200.2,204.9,52.34,31.319885,39.853264
18.48,9.200000000000001,11.249001,210,189.7,194.7,200.2,204.9,52.36,31.74839,39.93958
18.44,9.28,11.093,210,189.9,194.7,200.2,205.2,52.300000000000004,31.938972,39.877926
18.48,9.18,11.257001,210,190.2,195.1,200.2,205.2,52.34,31.714,39.96424
18.48,9.24,11.2960005,210,190.2,195.2,200.2,205.2,52.36,30.222435,39.890255
18.46,9.26,11.091001,210.1,190.2,195.2,200.2,205.2,52.4,32.007732,39.902588
18.48,9.200000000000001,11.194,210,190.2,195.2,200.2,205.2,52.38,31.552277,39.79161
18.48,9.18,11.226001,209.9,190.2,195.2,200.1,205.2,52.34,29.951477,39.8286
18.48,9.200000000000001,11.143001,210.2,190.1,195.2,200.1,205.2,52.4,31.883602,39.890255
18.48,9.26,11.203,210,190.2,195.2,200.1,205.2,52.34,31.62592,39.840935
18.48,9.26,11.203,210,190.2,195.2,200.1,205.2,52.34,30.165558,39.865593
18.48,9.22,11.250001,210,190.2,195.2,200.1,205.2,52.4,31.889935,39.877926
18.5,9.22,11.238001,210,190.2,195.2,200,205.2,52.36,31.649323,39.902588
18.44,9.24,11.0130005,210,190.2,195.2,200,205.2,52.32,31.139755,39.890255
18.48,9.18,11.216001,210,190.2,195.2,200,205.1,52.32,31.72882,39.890255
18.48,9.24,11.284,210,190.2,195.1,200,205.1,52.34,31.971416,39.902588
18.5,9.22,11.218,210,190,195.2,200,205.1,52.36,31.646767,39.890255
18.48,9.200000000000001,11.286,210,190.1,195.2,200,205,52.36,31.873436,39.951912
18.48,9.200000000000001,11.325001,209.8,190.2,195.1,199.8,204.8,52.36,31.919785,40.013565
18.5,9.22,11.428,209.9,190,195.1,199.8,204.8,52.38,31.829529,40.038227
18.48,9.18,11.189,210.2,189.7,195,199.8,204.8,52.36,31.898918,39.914917
18.46,9.28,11.154,210,189.7,194.8,199.9,204.8,52.32,31.930923,39.914917
18.52,9.16,11.488001,210,189.7,194.8,199.9,204.8,52.38,31.732693,39.93958
18.52,9.16,11.488001,210,189.7,194.8,199.9,204.8,52.38,30.076065,39.988903
18.5,9.24,11.250001,210,189.7,194.8,199.9,204.8,52.36,32.0409,39.92725
18.46,9.24,11.108001,210,189.7,194.8,199.9,204.8,52.300000000000004,31.646423,39.865593
18.5,9.22,11.394001,210.1,190.2,194.8,199.9,204.8,52.36,31.163788,40.001232
18.48,9.24,11.216001,210,190.2,194.9,199.9,204.9,52.34,31.786861,39.951912
18.46,9.24,11.122001,210,190.2,194.9,199.9,204.9,52.34,31.91307,39.951912
18.46,9.28,11.107,210,190.4,194.9,199.9,204.9,52.34,31.721115,39.93958
18.48,9.22,11.2630005,210,190.4,194.9,200.2,204.9,52.36,31.808128,39.877926
18.5,9.200000000000001,11.305,210,190.3,194.9,200.2,204.9,52.38,31.918964,39.951912
18.46,9.22,11.159,210,190.2,194.9,200.2,205.2,52.300000000000004,31.858597,39.890255
18.48,9.18,11.303,210,190.2,195.2,200.2,205.2,52.36,30.032082,39.914917
18.48,9.24,11.320001,210,190.2,195.2,200.2,205.2,52.38,31.858768,39.877926
18.48,9.16,11.159,210,190,195.2,200.2,205.2,52.34,31.585293,39.79161
18.48,9.24,11.246,210,190,195.2,200.2,205.2,52.38,30.730438,39.840935
18.52,9.22,11.446,210,190.2,195.2,200.2,205.2,52.38,31.827106,39.865593
18.5,9.16,11.304001,210,190,195.2,200.2,205.2,52.4,31.678295,39.853264
18.48,9.24,11.166,210,189.8,195.2,200.2,205.2,52.38,30.898819,39.8286
18.46,9.28,11.081,210,189.7,195.2,200.2,205.2,52.34,31.776352,39.80394
18.5,9.18,11.376,210,189.7,195.2,200.1,205.2,52.44,31.817875,39.79161
18.48,9.26,11.155001,210,189.7,195.1,200.1,205.2,52.34,30.818329,39.79161
18.44,9.28,10.956,210,189.7,195.2,200.1,205.2,52.300000000000004,31.808453,39.705296
18.48,9.18,11.224001,210,190.2,195.1,200,205.1,52.32,31.917477,39.865593
18.48,9.22,11.211,209.9,190.2,195.1,200,205.1,52.4,31.792526,39.79161
18.52,9.120000000000001,11.370001,209.9,190,195.1,200,205.1,52.4,31.82539,39.902588
18.48,9.24,11.152,210.2,189.9,195,199.8,205.1,52.36,31.943226,39.865593
18.48,9.24,11.277,210.1,190.2,194.8,199.8,205,52.36,31.69777,39.914917
18.48,9.26,11.283001,210,190.2,194.8,199.8,204.8,52.4,31.878796,39.92725
18.48,9.22,11.161,210.2,190.2,194.6,199.8,204.8,52.32,32.03142,39.92725
18.48,9.200000000000001,11.155001,210,190.2,194.7,199.8,204.8,52.32,31.691055,39.877926
18.48,9.200000000000001,11.155001,209.9,190.2,194.7,199.8,204.8,52.32,30.305443,39.865593
18.5,9.24,11.195001,210.2,190.2,194.7,199.9,204.8,52.4,31.867962,39.93958
18.48,9.22,11.191001,210,189.7,194.7,199.9,204.8,52.4,31.557217,39.988903
18.48,9.26,11.246,210,189.9,194.9,199.9,204.8,52.4,30.24376,39.902588
18.5,9.24,11.384001,210,189.9,195.2,199.9,204.8,52.4,31.881409,39.914917
18.48,9.22,11.134001,210,189.8,195.2,199.9,204.8,52.34,31.677322,39.840935
18.48,9.22,11.134001,210,190.2,195.2,199.9,204.9,52.34,30.795403,39.853264
18.48,9.26,11.1,210,190.2,195.2,199.9,204.9,52.36,31.8816,39.890255
18.48,9.200000000000001,11.214001,210,190.1,195.2,200.2,204.9,52.38,31.675167,39.877926
18.48,9.200000000000001,11.196,210,190.2,195.2,200.2,204.9,52.34,31.264305,39.79161
18.48,9.24,11.204,210,190.2,195.2,200.2,204.9,52.32,31.799068,39.8286
18.48,9.24,11.242001,210,190.2,195.2,200.2,205.2,52.32,31.877003,39.76695
18.48,9.26,11.178,210,190.2,195.2,200.2,205.2,52.36,31.730595,39.8286
18.48,9.26,11.178,210,190.2,195.2,200.2,205.2,52.36,30.105782,39.76695
18.48,9.24,11.097,210.1,190.2,195.2,200.2,205.2,52.36,31.841621,39.742287
18.52,9.22,11.357,210,190.1,195.2,200.2,205.2,52.34,31.827621,39.816273
18.46,9.26,11.029,210.2,190.2,195.1,200.1,205.2,52.300000000000004,31.279984,39.754616
18.5,9.18,11.374001,210.1,190.2,195.1,200.1,205.2,52.4,31.812592,39.914917
18.48,9.24,11.245001,210,190.1,195.1,200.1,205.2,52.38,31.734886,39.840935
18.5,9.22,11.305,209.9,190,195,200.1,205.2,52.34,31.046104,39.865593
18.48,9.200000000000001,11.217001,210.2,189.9,194.7,200,205.2,52.34,31.764336,39.853264
18.5,9.200000000000001,11.338,210,189.9,194.7,200,205.1,52.36,31.799889,39.877926
18.46,9.26,11.146001,210,189.9,194.7,199.8,205.1,52.36,31.75808,39.840935
18.46,9.22,11.149,209.9,189.9,194.7,199.9,205.1,52.32,31.548347,39.890255
18.46,9.22,11.115001,209.9,190.2,194.9,199.9,205.1,52.34,31.822853,39.890255
18.48,9.18,11.235001,210.2,190.2,195.2,199.9,205.1,52.38,31.638432,39.902588
18.48,9.18,11.235001,210,190.1,195.2,199.9,205,52.38,30.213203,39.92725
18.5,9.22,11.103001,209.8,190.1,195.2,199.9,204.8,52.34,31.666527,39.93958
18.48,9.26,11.192,209.9,190.2,195.2,199.9,204.8,52.34,31.610394,39.976574
18.5,9.22,11.415001,210.2,190.2,195.2,199.9,204.8,52.38,31.012764,40.013565
18.5,9.22,11.275001,210.2,190,195.2,199.9,204.8,52.36,31.768932,40.013565
18.48,9.24,11.208,210,189.9,195.2,199.9,204.8,52.300000000000004,31.754494,39.92725
18.48,9.200000000000001,11.261001,210,189.9,195.2,199.9,204.8,52.36,31.715393,39.877926
18.5,9.24,11.35,210,189.9,195.1,199.9,204.8,52.32,31.853752,39.951912
18.52,9.200000000000001,11.335001,209.9,189.9,195.1,199.9,204.8,52.34,32.03867,39.865593
18.46,9.28,11.068001,209.9,189.7,195.1,200.2,204.9,52.300000000000004,31.607761,39.816273
18.52,9.200000000000001,11.477,210.2,190.2,195,200.2,204.9,52.42,30.663986,39.890255
18.48,9.24,11.264001,210,190.2,195.1,200.2,204.9,52.34,31.792717,39.840935
18.48,9.22,11.181001,209.9,190.1,195,200.2,204.9,52.32,31.65184,39.890255
18.48,9.22,11.194,210.2,190.2,194.8,200.2,204.9,52.32,31.523552,39.890255
18.48,9.200000000000001,11.267,210.2,190.2,194.8,200.2,204.9,52.34,31.844883,39.816273
18.48,9.26,11.153001,210,190.1,194.8,200.2,205.2,52.300000000000004,31.88652,39.8286
18.48,9.22,11.156,210,190.2,194.8,200.2,205.2,52.36,31.687775,39.865593
18.48,9.22,11.156,210,190.2,194.8,200.2,205.2,52.36,30.590134,39.80394
18.48,9.24,11.175,210,190.2,194.9,200.2,205.2,52.34,31.800232,39.742287
18.5,9.200000000000001,11.192,210,190.1,194.9,200.2,205.2,52.34,31.816387,39.853264
18.46,9.26,11.118001,210,190.2,194.9,200.1,205.2,52.34,31.679115,39.779278
18.48,9.24,11.142,210,190.2,194.9,200.1,205.2,52.300000000000004,31.76138,39.816273
18.48,9.200000000000001,11.128,210,190,194.9,200.1,205.2,52.34,31.861362,39.80394
18.46,9.3,11.003,210,189.9,194.9,200.1,205.2,52.32,31.562576,39.742287
18.46,9.3,11.003,210,189.9,194.9,200,205.2,52.32,30.10048,39.816273
18.52,9.26,11.292001,210,189.9,194.9,199.9,205.2,52.38,31.94521,39.80394
18.5,9.18,11.236,210,189.8,195.2,199.8,205.1,52.34,31.553783,39.853264
18.46,9.26,11.133,210,189.7,195.2,199.8,205.1,52.300000000000004,31.115608,39.816273
18.5,9.200000000000001,11.339001,210,189.9,195.2,199.8,205.1,52.38,31.674213,39.914917
18.5,9.22,11.387,210,189.9,195.2,199.9,205.1,52.38,31.82846,39.8286
18.48,9.24,11.166,210,189.9,195.2,199.9,205,52.34,31.573906,39.853264
18.44,9.3,11.012,210,190.4,195.2,199.9,205,52.300000000000004,31.856537,39.840935
18.5,9.22,11.39,210,190.4,195.2,199.9,205,52.36,31.874142,39.853264
18.5,9.200000000000001,11.245001,210,190.4,195.2,199.9,204.8,52.34,31.835423,39.902588
18.46,9.26,11.071,210,190.2,195.1,199.9,204.8,52.300000000000004,30.498085,39.853264
18.48,9.200000000000001,11.237,210,190.4,195.1,200.2,204.8,52.32,31.724663,39.877926
18.48,9.26,11.136001,210,190.4,195.1,200.2,204.8,52.32,31.78997,39.8286
18.48,9.200000000000001,11.101001,210,190.3,195.1,200.2,204.8,52.34,31.573753,39.92725
18.48,9.24,11.166,210.1,190.4,195,200.2,204.9,52.34,31.86636,39.865593
18.5,9.200000000000001,11.360001,210.2,190.4,194.9,200.2,204.9,52.38,31.884632,39.877926
18.5,9.16,11.253,210.2,190.4,194.9,200.2,204.9,52.38,31.71051,39.816273
18.48,9.28,11.080001,209.9,190.1,194.9,200.2,204.9,52.34,31.81305,39.914917
18.48,9.24,11.218,210.2,190.2,194.9,200.2,204.9,52.36,31.956615,39.76695
18.46,9.24,11.120001,210,190.2,194.9,200.2,205.2,52.34,31.644268,39.80394
18.46,9.24,11.120001,210,190,194.9,200.2,205.2,52.34,30.021172,39.79161
18.5,9.26,11.102,210,189.7,194.9,200.2,205.2,52.36,31.770458,39.754616
18.46,9.24,11.135,210,189.7,194.9,200.2,205.2,52.32,31.599941,39.79161
18.5,9.26,11.311001,210,189.7,194.9,200.1,205.2,52.36,31.15303,39.79161
18.48,9.18,11.17,210.1,189.7,194.9,200.1,205.2,52.36,31.729794,39.816273
18.48,9.24,11.167001,209.9,189.9,195.2,200.1,205.2,52.32,31.861973,39.779278
18.5,9.24,11.297001,210.2,190.2,195.2,200,205.2,52.36,31.70723,39.840935
18.5,9.22,11.206,210,190.2,195.2,200,205.2,52.36,31.721172,39.877926
18.5,9.24,11.295,209.9,190.2,195.2,200,205.1,52.4,32.028828,39.914917
18.48,9.200000000000001,11.199,210.2,190.4,195.2,200,205.1,52.32,31.591873,39.853264
18.48,9.200000000000001,11.199,210.1,190.4,195.2,200,205.1,52.32,30.227089,39.877926
18.5,9.26,11.204,210,190.4,195.2,200,205.1,52.36,31.799278,39.877926
18.48,9.200000000000001,11.179001,210,190,195.2,200,205.1,52.36,31.623974,39.840935
18.46,9.22,11.152,210,190.2,195.1,199.8,205.1,52.34,31.346855,39.877926
18.48,9.22,11.2560005,209.9,190.2,195.1,199.8,205,52.36,31.60862,39.92725
18.48,9.22,11.155001,209.9,190,195,199.8,204.8,52.34,31.84578,39.865593
18.48,9.22,11.123,210.2,189.8,195,199.8,204.6,52.32,31.856117,39.877926
18.48,9.22,11.246,210,189.9,195,199.8,204.6,52.38,31.327648,39.976574
18.48,9.22,11.227,210,189.9,195,199.8,204.7,52.34,31.844788,39.951912
18.5,9.22,11.288,210,189.8,194.9,199.8,204.7,52.36,31.65062,40.038227
18.46,9.24,11.073001,210,189.9,194.6,199.9,204.7,52.32,30.204353,39.988903
18.46,9.26,11.102,210,190.2,194.7,199.9,204.7,52.32,31.782627,39.92725
18.48,9.200000000000001,11.267,210,190.2,194.7,199.9,204.9,52.36,31.657982,39.840935
18.48,9.200000000000001,11.267,210.1,190.1,194.7,199.9,204.9,52.36,30.568542,39.914917
18.5,9.22,11.113001,210,190.2,194.7,199.9,205.2,52.38,31.795044,39.902588
18.46,9.24,11.067,209.9,190.2,194.7,199.9,205.2,52.300000000000004,31.58329,39.914917
18.46,9.24,11.067,210.2,190.2,194.9,200.2,205.2,52.300000000000004,30.559044,39.914917
18.52,9.18,11.240001,210,190.1,195.2,200.2,205.2,52.38,31.985455,39.80394
18.48,9.22,11.1,209.9,189.8,195.2,200.2,205.2,52.34,31.651993,39.8286
18.48,9.3,11.158001,210.2,189.9,195.4,200.2,205.2,52.32,30.073738,39.79161
18.5,9.22,11.366,210,190.2,195.4,200.2,205.2,52.38,31.876888,39.816273
18.5,9.24,11.242001,210,190.2,195.4,200.2,205.2,52.36,31.71833,39.840935
18.48,9.28,11.094001,210,190.2,195.4,200.2,205.2,52.32,31.533432,39.8286
18.52,9.16,11.431001,210,190.2,195.4,200.2,205.2,52.38,31.77864,39.853264
18.48,9.24,11.214001,210,190.2,195.4,200.2,205.2,52.34,31.735306,39.816273
18.5,9.26,11.211,210,190.1,195.3,200.1,205.1,52.36,31.843681,39.865593
18.46,9.26,11.115001,210,189.9,195.1,200.1,205.1,52.32,31.870499,39.80394
18.48,9.22,11.209001,210,189.9,195,200.1,205.1,52.36,31.555367,39.890255
18.48,9.22,11.209001,210,189.9,195,200.1,205.1,52.36,30.280418,39.865593
18.5,9.26,11.123,209.9,189.9,194.8,200.1,205.1,52.38,31.876125,39.8286
18.5,9.18,11.228001,210.2,190.2,194.7,200,205,52.36,31.557732,39.96424
18.48,9.200000000000001,11.166,210,190.2,194.7,199.8,205,52.34,19.25642,39.877926
18.5,9.18,11.203,210,190.2,194.7,199.8,204.9,52.34,31.72165,39.96424
18.5,9.200000000000001,11.187,210.1,189.9,194.7,199.8,204.8,52.36,31.837635,39.988903
18.46,9.24,11.082001,210,189.9,194.7,199.8,204.8,52.34,31.712685,39.92725
18.5,9.200000000000001,11.309001,210,190.2,194.7,199.9,204.8,52.36,31.802635,39.92725
18.5,9.200000000000001,11.226001,210,190.2,194.7,199.9,204.8,52.36,31.896343,39.890255
18.48,9.200000000000001,11.145,210,190.2,194.7,199.9,204.8,52.38,31.83693,39.92725
18.46,9.22,11.092001,210,190.1,194.7,199.9,204.8,52.32,31.826153,39.988903
18.46,9.200000000000001,11.147,210,190.2,195.1,199.9,204.8,52.32,31.965122,39.92725
18.48,9.26,11.194,210,190.2,195.2,199.9,204.9,52.32,31.554985,39.914917
18.52,9.24,11.218,210,190.1,195.4,199.9,204.9,52.36,30.305176,39.976574
18.46,9.18,11.118001,210,190.1,195.4,199.9,204.9,52.32,31.729012,39.865593
18.48,9.22,11.181001,210,190.2,195.4,199.9,204.9,52.34,31.760616,39.853264
18.48,9.22,11.235001,210,190.2,195.4,200.2,204.9,52.36,31.628304,39.877926
18.48,9.24,11.094001,210,190,195.4,200.2,204.9,52.38,31.764374,39.865593
18.48,9.26,11.124001,210,189.7,195.3,200.2,205.2,52.32,31.882057,39.890255
18.5,9.24,11.261001,210,189.9,195.3,200.2,205.2,52.34,31.780968,39.853264
18.5,9.200000000000001,11.218,210,189.9,195.2,200.2,205.2,52.34,31.93613,39.865593
18.5,9.18,11.277,210,189.9,195,200.2,205.2,52.36,31.900558,39.80394
18.46,9.26,11.115001,210,190.2,194.8,200.2,205.2,52.32,31.728058,39.8286
18.48,9.24,11.223001,210,190.2,194.8,200.2,205.2,52.34,31.847706,39.840935
18.52,9.200000000000001,11.328,210,190.2,194.9,200.2,205.2,52.36,31.860847,39.914917
18.52,9.200000000000001,11.287001,210,189.9,194.8,200.1,205.2,52.34,31.727142,39.93958
18.46,9.28,11.01,210,189.9,194.8,200.1,205.2,52.300000000000004,30.435143,39.8286
18.5,9.26,11.304001,210,189.9,194.8,200.1,205.2,52.38,31.754513,39.92725
18.48,9.28,11.110001,210,189.9,194.8,200.1,205.1,52.36,31.871758,39.93958
18.48,9.26,11.175,210,189.9,194.9,200.1,205.1,52.32,31.384506,39.877926
18.5,9.26,11.364,210,189.9,194.9,200,205.1,52.38,31.84515,39.951912
18.5,9.18,11.1970005,209.9,189.9,194.9,199.8,205.1,52.34,31.859035,39.890255
18.46,9.22,11.070001,210.2,189.7,194.9,199.8,205,52.34,31.687737,39.853264
18.46,9.22,11.132001,210,190.2,194.8,199.8,204.9,52.32,30.772629,39.93958
18.48,9.200000000000001,11.181001,210,190.4,194.9,199.8,204.8,52.34,31.857586,39.877926
18.52,9.24,11.325001,210,190.4,194.9,199.8,204.8,52.38,31.60799,39.890255
18.48,9.22,11.123,210,190.4,194.9,199.8,204.8,52.34,30.555725,39.865593
18.46,9.24,11.070001,210,190.4,194.9,199.9,204.8,52.32,31.76855,39.914917
18.46,9.3,11.151001,210,190.4,195.2,199.9,204.8,52.34,31.900864,39.840935
18.52,9.22,11.286,210,190.1,195.2,199.9,204.8,52.38,31.45485,39.92725
18.48,9.200000000000001,11.206,210,189.7,195.2,199.9,204.8,52.36,31.705189,39.96424
18.48,9.22,11.163,210,189.9,195.2,199.9,204.9,52.32,31.869678,39.92725
18.48,9.24,11.207001,210,189.9,195.2,199.9,204.9,52.36,31.75724,39.840935
18.48,9.200000000000001,11.107,210,189.9,195.2,199.9,204.9,52.36,31.257896,39.890255
18.48,9.26,11.110001,210,189.9,195.2,199.9,204.9,52.32,31.821213,39.877926
18.5,9.200000000000001,11.304001,210,190.2,195.1,200.2,204.9,52.36,31.584759,39.877926
18.48,9.26,11.195001,210,190.2,195.1,200.2,204.9,52.32,30.857544,39.853264
18.5,9.18,11.252001,210,190.2,195.2,200.2,205.2,52.36,31.866531,39.865593
18.46,9.24,11.022,210,190.2,195.2,200.2,205.2,52.34,31.851158,39.840935
18.54,9.14,11.454,210,190.2,195.1,200.2,205.2,52.38,31.489372,39.914917
18.48,9.22,11.205001,210,190.2,195.1,200.2,205.2,52.36,31.793919,39.840935
18.5,9.22,11.134001,210,190,195,200.2,205.2,52.34,31.874313,39.840935
18.5,9.18,11.189,210,189.7,195,200.2,205.2,52.34,31.717606,39.902588
18.46,9.24,11.097,210.1,189.7,194.9,200.2,205.2,52.34,29.98825,39.877926
18.5,9.200000000000001,11.344001,210,189.9,194.8,200.2,205.2,52.36,31.776142,39.92725
18.48,9.200000000000001,11.259001,209.9,189.9,194.8,200.2,205.2,52.34,31.738796,39.853264
18.5,9.200000000000001,11.251,210.2,189.9,194.8,200.1,205.2,52.36,30.41092,39.902588
18.46,9.3,11.029,210,189.9,194.9,200.1,205.2,52.32,31.740074,39.865593
18.52,9.18,11.451,210,190.2,194.9,200.1,205.1,52.38,31.651669,39.951912
18.5,9.28,11.269001,210,190.2,194.9,200,205.1,52.34,31.238785,39.890255
18.5,9.200000000000001,11.198001,210,190.1,194.9,200,205,52.34,31.744576,39.976574
18.46,9.26,11.135,210,190.2,194.9,200,205,52.32,31.874714,39.877926
18.52,9.16,11.408001,209.8,190.2,194.9,199.8,205,52.36,31.70784,39.988903
18.52,9.16,11.408001,209.9,190.2,194.9,199.8,205,52.36,30.078087,40.025894
18.52,9.200000000000001,11.31,210.2,190,194.9,199.8,204.9,52.4,31.890831,40.001232
18.46,9.200000000000001,11.015,210.1,189.7,194.9,199.8,204.8,52.300000000000004,31.578999,39.853264
18.46,9.200000000000001,11.128,210,189.9,195.2,199.8,204.8,52.300000000000004,31.338196,39.96424
18.5,9.26,11.315001,209.9,190.2,195.2,199.8,204.8,52.32,31.80008,40.013565
18.52,9.120000000000001,11.364,210.2,190.1,195.2,199.8,204.8,52.36,31.852112,39.951912
18.52,9.24,11.354,210.1,189.9,195.2,199.9,204.8,52.36,31.680756,39.976574
18.44,9.24,11.008,210,190.2,195.2,199.9,204.8,52.300000000000004,30.217667,39.877926
18.48,9.200000000000001,11.293,210,190.2,195.1,199.9,204.9,52.32,31.687012,40.025894
18.48,9.24,11.188001,210,190.2,195.2,199.9,204.9,52.34,31.898384,39.914917
18.5,9.22,11.196,209.9,190.2,195.1,199.9,204.9,52.36,31.581802,39.96424
18.46,9.24,11.112,209.9,190.2,195.2,199.9,204.9,52.300000000000004,31.799831,39.96424
18.5,9.24,11.2630005,210.2,190.2,195.1,200.2,204.9,52.34,31.856194,39.914917
18.54,9.18,11.446,210.1,190.1,195.2,200.2,205.2,52.36,31.706104,39.93958
18.54,9.18,11.446,210,190,195.1,200.2,205.2,52.36,30.101967,39.840935
18.5,9.24,11.141001,210,190.2,195.1,200.2,205.2,52.34,31.74488,39.79161
18.48,9.22,11.208,210,190.2,195.1,200.2,205.2,52.32,31.977386,39.902588
18.48,9.24,11.201,210,190.1,195.1,200.2,205.2,52.32,31.75785,39.80394
18.5,9.22,11.185,210,190,195.1,200.2,205.2,52.32,31.082115,39.816273
18.48,9.24,11.192,210,189.7,195,200.2,205.2,52.300000000000004,31.796284,39.853264
18.52,9.14,11.422001,210,189.7,195,200.2,205.2,52.36,31.5699,39.853264
18.52,9.18,11.360001,210,189.9,194.9,200.1,205.2,52.34,30.920868,39.877926
18.48,9.26,11.104,210,189.9,194.6,200.1,205.1,52.32,31.725426,39.816273
18.48,9.24,11.071,209.9,189.9,194.6,200.1,205.1,52.300000000000004,31.851425,39.865593
18.5,9.18,11.302001,210.2,189.9,194.7,200.1,205.1,52.34,31.7737,39.92725
18.5,9.18,11.302001,210.1,190.2,194.7,200,205.1,52.34,29.99794,39.951912
18.52,9.26,11.3220005,210,190.1,194.7,200,205.1,52.36,31.802158,39.951912
18.46,9.18,11.082001,210,190.1,194.7,200,205.1,52.32,31.593113,39.914917
18.48,9.22,11.144,209.9,190.2,194.7,199.8,205,52.300000000000004,31.325912,39.877926
18.48,9.200000000000001,11.237,209.9,190.2,194.9,199.8,205,52.32,31.78938,39.902588
18.48,9.18,11.193001,210.2,190.2,195.2,199.8,204.8,52.32,25.10789,39.93958
18.5,9.200000000000001,11.238001,210,190,195.2,199.8,204.8,52.36,31.634636,39.93958
18.44,9.24,10.955001,210,189.9,195.4,199.8,204.8,52.28,30.465126,39.840935
18.48,9.200000000000001,11.252001,209.9,190.2,195.4,199.8,204.8,52.32,31.701603,39.988903
18.5,9.200000000000001,11.334001,209.9,190.2,195.4,199.9,204.8,52.34,31.807976,39.914917
18.5,9.22,11.279,210.2,190.2,195.4,199.9,204.8,52.36,31.552238,40.038227
18.48,9.22,11.107,210,190.1,195.4,199.9,204.8,52.300000000000004,31.796722,39.902588
18.46,9.26,11.139001,210,190.2,195.3,199.9,204.8,52.32,31.79676,39.865593
18.52,9.22,11.374001,210.1,190.2,195.3,199.9,204.9,52.34,31.557274,39.988903
18.5,9.22,11.192,210,190,195.3,200.2,204.9,52.32,20.972424,39.92725
18.46,9.22,11.099001,210.1,189.9,195.2,200.2,204.9,52.300000000000004,31.709099,39.8286
18.48,9.24,11.210001,210,189.9,195,200.2,204.9,52.300000000000004,32.026253,39.914917
18.5,9.200000000000001,11.293,210,189.9,194.8,200.2,204.9,52.32,31.671333,39.914917
18.5,9.200000000000001,11.293,210,189.9,194.8,200.2,204.9,52.32,30.36663,39.92725
18.5,9.18,11.226001,210,189.9,194.6,200.2,205.2,52.34,31.684113,39.93958
18.46,9.28,11.160001,210,190.2,194.7,200.2,205.2,52.300000000000004,31.827984,39.865593
18.5,9.22,11.2630005,210,190.2,194.7,200.2,205.2,52.34,31.708832,39.92725
18.5,9.200000000000001,11.181001,210,190.2,194.7,200.2,205.4,52.32,31.580734,39.754616
18.52,9.200000000000001,11.2890005,210,190.2,194.7,200.2,205.4,52.34,31.84475,39.853264
18.48,9.200000000000001,11.193001,210.1,190.2,194.7,200.2,205.4,52.34,31.716309,39.79161
18.5,9.18,11.357,210,190.2,194.9,200.2,205.4,52.34,30.79586,39.877926
